X,Y,num,NAME,falla
391782.06412702304,7082641.698895561,0,CHN_CT01_V01_DJI_0031,Tipo IV - BusBar
391776.26319621404,7082633.705498954,1,CHN_CT01_V01_DJI_0033,Tipo IV - BusBar
391782.2831464523,7082642.156311039,2,CHN_CT01_V01_DJI_0033,Tipo IV - BusBar
391776.2669628208,7082634.709100668,3,CHN_CT01_V01_DJI_0035,Tipo IV - BusBar
391776.3870576367,7082635.075436168,4,CHN_CT01_V01_DJI_0037,Tipo IV - BusBar
391796.2105532797,7082599.033937769,5,CHN_CT01_V01_DJI_0053,Tipo IV - BusBar
391793.99045256234,7082598.493153112,6,CHN_CT01_V01_DJI_0055,Tipo IV - BusBar
391793.8889755941,7082599.341184849,7,CHN_CT01_V01_DJI_0057,Tipo IV - BusBar
391794.21427507413,7082599.7397136595,8,CHN_CT01_V01_DJI_0059,Tipo IV - BusBar
391787.1791787679,7082610.660203384,9,CHN_CT01_V01_DJI_0059,Tipo IV - BusBar
391787.24475759384,7082609.942539122,10,CHN_CT01_V01_DJI_0061,Tipo IV - BusBar
391794.42802983464,7082646.181219268,11,CHN_CT01_V01_DJI_0071,Tipo IV - BusBar
391794.4132351896,7082646.474251723,12,CHN_CT01_V01_DJI_0073,Tipo IV - BusBar
391793.7702907074,7082664.492890798,13,CHN_CT01_V01_DJI_0075,Tipo VI - CelulaCaliente
391795.0070392818,7082664.227840159,14,CHN_CT01_V01_DJI_0077,Tipo VI - CelulaCaliente
391794.96335499134,7082663.734475895,15,CHN_CT01_V01_DJI_0079,Tipo VI - CelulaCaliente
391787.91193463805,7082735.818823713,16,CHN_CT01_V01_DJI_0099,Tipo VI - CelulaCaliente
391787.9440080923,7082736.22433484,17,CHN_CT01_V01_DJI_0101,Tipo VI - CelulaCaliente
391788.03005231766,7082748.406772563,18,CHN_CT01_V01_DJI_0103,Tipo IV - BusBar
391787.94570648693,7082748.921978957,19,CHN_CT01_V01_DJI_0105,Tipo IV - BusBar
391786.85728378117,7082774.814264059,20,CHN_CT01_V01_DJI_0111,Tipo IV - BusBar
391786.7769309727,7082774.0404158095,21,CHN_CT01_V01_DJI_0113,Tipo IV - BusBar
391799.90578084486,7082783.704237653,22,CHN_CT01_V01_DJI_0113,Tipo VI - CelulaCaliente
391799.7522063477,7082783.623360021,23,CHN_CT01_V01_DJI_0115,Tipo VI - CelulaCaliente
391799.09836014296,7082782.461372936,24,CHN_CT01_V01_DJI_0117,Tipo VI - CelulaCaliente
391786.5142759246,7082806.921631218,25,CHN_CT01_V01_DJI_0121,Tipo VI - CelulaCaliente
391786.39988950524,7082805.336853746,26,CHN_CT01_V01_DJI_0123,Tipo VI - CelulaCaliente
391793.9524061775,7082826.358324199,27,CHN_CT01_V01_DJI_0125,Tipo IV - BusBar
391793.9518154425,7082825.552772282,28,CHN_CT01_V01_DJI_0127,Tipo IV - BusBar
391794.02521758556,7082824.371254068,29,CHN_CT01_V01_DJI_0129,Tipo IV - BusBar
391798.9631651653,7082844.214451923,30,CHN_CT01_V01_DJI_0133,Tipo IV - BusBar
391792.92882600793,7082852.657746812,31,CHN_CT01_V01_DJI_0135,Tipo IV - BusBar
391798.8261148,7082843.757576058,32,CHN_CT01_V01_DJI_0135,Tipo IV - BusBar
391792.77257952635,7082852.265826657,33,CHN_CT01_V01_DJI_0137,Tipo IV - BusBar
391794.4860554235,7082867.192175429,34,CHN_CT01_V01_DJI_0139,Tipo IV - BusBar
391794.4176468581,7082864.926914337,35,CHN_CT01_V01_DJI_0141,Tipo IV - BusBar
391795.2855628712,7082864.920375265,36,CHN_CT01_V01_DJI_0143,Tipo IV - BusBar
391795.8956743532,7082864.938918557,37,CHN_CT01_V01_DJI_0145,Tipo IV - BusBar
391805.5337844554,7082848.059777157,38,CHN_CT01_V01_DJI_0155,Tipo VI - CelulaCaliente
391799.59170710837,7082844.028737333,39,CHN_CT01_V01_DJI_0155,Tipo IV - BusBar
391805.2855721556,7082846.8939035125,40,CHN_CT01_V01_DJI_0157,Tipo VI - CelulaCaliente
391799.3190190857,7082842.792424115,41,CHN_CT01_V01_DJI_0157,Tipo IV - BusBar
391799.3800876421,7082842.150056529,42,CHN_CT01_V01_DJI_0159,Tipo IV - BusBar
391805.5423587401,7082806.777887896,43,CHN_CT01_V01_DJI_0167,Tipo V - ModuloCortoCircuito
391812.10793826147,7082806.681535676,44,CHN_CT01_V01_DJI_0167,Tipo V - ModuloCortoCircuito
391812.0096859671,7082806.823313835,45,CHN_CT01_V01_DJI_0169,Tipo V - ModuloCortoCircuito
391805.39581959683,7082806.904121481,46,CHN_CT01_V01_DJI_0169,Tipo V - ModuloCortoCircuito
391800.07876222604,7082783.688629165,47,CHN_CT01_V01_DJI_0173,Tipo VI - CelulaCaliente
391799.8620474008,7082783.194646966,48,CHN_CT01_V01_DJI_0175,Tipo VI - CelulaCaliente
391799.81542623875,7082782.264286412,49,CHN_CT01_V01_DJI_0177,Tipo VI - CelulaCaliente
391810.8437562933,7082771.6550548505,50,CHN_CT01_V01_DJI_0177,Tipo VI - CelulaCaliente
391805.63326071284,7082769.6800662195,51,CHN_CT01_V01_DJI_0179,Tipo IV - BusBar
391800.233449925,7082766.143371772,52,CHN_CT01_V01_DJI_0179,Tipo IV - BusBar
391810.921099032,7082771.811823806,53,CHN_CT01_V01_DJI_0179,Tipo VI - CelulaCaliente
391805.7051219834,7082769.631720999,54,CHN_CT01_V01_DJI_0181,Tipo IV - BusBar
391800.3029194946,7082765.880719776,55,CHN_CT01_V01_DJI_0181,Tipo IV - BusBar
391810.97973228246,7082771.939159971,56,CHN_CT01_V01_DJI_0181,Tipo VI - CelulaCaliente
391800.23629768135,7082764.9214946,57,CHN_CT01_V01_DJI_0183,Tipo IV - BusBar
391800.0441759246,7082679.668794667,58,CHN_CT01_V01_DJI_0205,Tipo IV - BusBar
391800.0694939574,7082679.266337586,59,CHN_CT01_V01_DJI_0207,Tipo IV - BusBar
391800.05372515344,7082678.345342593,60,CHN_CT01_V01_DJI_0209,Tipo IV - BusBar
391800.9174897365,7082643.57546477,61,CHN_CT01_V01_DJI_0217,Tipo IV - BusBar
391801.83580059564,7082643.629883941,62,CHN_CT01_V01_DJI_0217,Tipo IV - BusBar
391806.90019236517,7082636.082207567,63,CHN_CT01_V01_DJI_0219,Tipo VI - CelulaCaliente
391801.49910772865,7082642.87676724,64,CHN_CT01_V01_DJI_0219,Tipo IV - BusBar
391800.55378206144,7082642.911264071,65,CHN_CT01_V01_DJI_0219,Tipo IV - BusBar
391806.7877464561,7082635.733250167,66,CHN_CT01_V01_DJI_0221,Tipo VI - CelulaCaliente
391801.1449115789,7082629.5355642075,67,CHN_CT01_V01_DJI_0221,Tipo IV - BusBar
391801.0387552051,7082629.382802933,68,CHN_CT01_V01_DJI_0223,Tipo IV - BusBar
391811.51334091905,7082617.959953294,69,CHN_CT01_V01_DJI_0225,Tipo IV - BusBar
391811.0233896683,7082615.310514089,70,CHN_CT01_V01_DJI_0225,Tipo VI - CelulaCaliente
391811.1467358098,7082617.262028752,71,CHN_CT01_V01_DJI_0225,Tipo VI - CelulaCaliente
391811.09131693654,7082618.077960505,72,CHN_CT01_V01_DJI_0225,Tipo VI - CelulaCaliente
391810.790988797,7082617.027852385,73,CHN_CT01_V01_DJI_0227,Tipo VI - CelulaCaliente
391810.7521697725,7082614.214970752,74,CHN_CT01_V01_DJI_0227,Tipo VI - CelulaCaliente
391810.84615403734,7082616.215654874,75,CHN_CT01_V01_DJI_0227,Tipo VI - CelulaCaliente
391811.24008114246,7082616.910284025,76,CHN_CT01_V01_DJI_0227,Tipo IV - BusBar
391810.68294930435,7082613.529955974,77,CHN_CT01_V01_DJI_0229,Tipo VI - CelulaCaliente
391818.85160419287,7082591.383372993,78,CHN_CT01_V01_DJI_0239,Tipo IV - BusBar
391818.5560568973,7082591.262649464,79,CHN_CT01_V01_DJI_0241,Tipo IV - BusBar
391818.3692832476,7082592.066815913,80,CHN_CT01_V01_DJI_0243,Tipo IV - BusBar
391817.2822164545,7082615.164205963,81,CHN_CT01_V01_DJI_0247,Tipo IV - BusBar
391811.5381514951,7082618.145490992,82,CHN_CT01_V01_DJI_0249,Tipo VI - CelulaCaliente
391811.87376544054,7082618.140804613,83,CHN_CT01_V01_DJI_0249,Tipo IV - BusBar
391817.19407622516,7082614.5199885275,84,CHN_CT01_V01_DJI_0249,Tipo IV - BusBar
391811.7518317554,7082617.898688004,85,CHN_CT01_V01_DJI_0251,Tipo IV - BusBar
391811.4865444887,7082617.902855489,86,CHN_CT01_V01_DJI_0251,Tipo VI - CelulaCaliente
391816.58243052394,7082627.920948677,87,CHN_CT01_V01_DJI_0251,Tipo IV - BusBar
391823.04021446855,7082624.22249794,88,CHN_CT01_V01_DJI_0251,Tipo IV - BusBar
391811.2690967074,7082617.198664137,89,CHN_CT01_V01_DJI_0251,Tipo VI - CelulaCaliente
391813.4912331712,7082635.619022323,90,CHN_CT01_V01_DJI_0253,Tipo IV - BusBar
391816.5263744688,7082629.971985063,91,CHN_CT01_V01_DJI_0253,Tipo IV - BusBar
391822.99596917524,7082626.274975659,92,CHN_CT01_V01_DJI_0253,Tipo IV - BusBar
391813.7443236152,7082636.232963014,93,CHN_CT01_V01_DJI_0255,Tipo IV - BusBar
391816.78148078383,7082630.354332186,94,CHN_CT01_V01_DJI_0255,Tipo IV - BusBar
391813.7396292109,7082635.905340178,95,CHN_CT01_V01_DJI_0257,Tipo IV - BusBar
391817.9728075932,7082659.598445471,96,CHN_CT01_V01_DJI_0261,Tipo IV - BusBar
391817.9476430463,7082660.524037531,97,CHN_CT01_V01_DJI_0263,Tipo IV - BusBar
391818.7791639022,7082733.538240951,98,CHN_CT01_V01_DJI_0283,Tipo IV - BusBar
391818.80187363666,7082734.747568797,99,CHN_CT01_V01_DJI_0285,Tipo IV - BusBar
391818.6907968763,7082735.003593748,100,CHN_CT01_V01_DJI_0287,Tipo IV - BusBar
391818.8368568555,7082748.641971808,101,CHN_CT01_V01_DJI_0289,Tipo VI - CelulaCaliente
391818.8616600366,7082748.196327237,102,CHN_CT01_V01_DJI_0289,Tipo VI - CelulaCaliente
391818.8953097262,7082748.800472606,103,CHN_CT01_V01_DJI_0291,Tipo VI - CelulaCaliente
391818.9003172195,7082749.119233277,104,CHN_CT01_V01_DJI_0291,Tipo VI - CelulaCaliente
391822.45059354784,7082755.918506751,105,CHN_CT01_V01_DJI_0291,Tipo V - ModuloCortoCircuito
391818.4620791781,7082755.726091893,106,CHN_CT01_V01_DJI_0291,Tipo VI - CelulaCaliente
391817.5288350646,7082762.29573436,107,CHN_CT01_V01_DJI_0293,Tipo V - ModuloCortoCircuito
391822.13293074246,7082755.79861483,108,CHN_CT01_V01_DJI_0293,Tipo V - ModuloCortoCircuito
391818.10034996783,7082755.733467838,109,CHN_CT01_V01_DJI_0293,Tipo VI - CelulaCaliente
391817.652498974,7082761.996987957,110,CHN_CT01_V01_DJI_0295,Tipo V - ModuloCortoCircuito
391822.26457570435,7082773.769249079,111,CHN_CT01_V01_DJI_0295,Tipo IV - BusBar
391811.09557482705,7082769.638025848,112,CHN_CT01_V01_DJI_0295,Tipo VI - CelulaCaliente
391813.0673261982,7082776.229032307,113,CHN_CT01_V01_DJI_0297,Tipo VI - CelulaCaliente
391811.02229893924,7082771.155283531,114,CHN_CT01_V01_DJI_0297,Tipo VI - CelulaCaliente
391822.13411594514,7082775.068284859,115,CHN_CT01_V01_DJI_0297,Tipo IV - BusBar
391822.67311571195,7082787.059432032,116,CHN_CT01_V01_DJI_0299,Tipo IV - BusBar
391817.4838315164,7082782.336844931,117,CHN_CT01_V01_DJI_0299,Tipo V - ModuloCortoCircuito
391813.00604367035,7082776.31288898,118,CHN_CT01_V01_DJI_0299,Tipo VI - CelulaCaliente
391810.9393318085,7082771.013690982,119,CHN_CT01_V01_DJI_0299,Tipo VI - CelulaCaliente
391822.0489672323,7082774.67030467,120,CHN_CT01_V01_DJI_0299,Tipo IV - BusBar
391817.45194802317,7082782.69334333,121,CHN_CT01_V01_DJI_0301,Tipo V - ModuloCortoCircuito
391822.54239956907,7082787.127664728,122,CHN_CT01_V01_DJI_0301,Tipo IV - BusBar
391817.51460922905,7082783.859308207,123,CHN_CT01_V01_DJI_0303,Tipo V - ModuloCortoCircuito
391822.60730248265,7082788.070243127,124,CHN_CT01_V01_DJI_0303,Tipo IV - BusBar
391811.57365768985,7082805.261639367,125,CHN_CT01_V01_DJI_0305,Tipo VI - CelulaCaliente
391817.51422236057,7082806.342286785,126,CHN_CT01_V01_DJI_0305,Tipo V - ModuloCortoCircuito
391817.4743835268,7082806.78126115,127,CHN_CT01_V01_DJI_0307,Tipo V - ModuloCortoCircuito
391823.94120918977,7082808.69737131,128,CHN_CT01_V01_DJI_0307,Tipo V - ModuloCortoCircuito
391811.5843653028,7082805.778850159,129,CHN_CT01_V01_DJI_0307,Tipo VI - CelulaCaliente
391811.49401256803,7082806.712236636,130,CHN_CT01_V01_DJI_0309,Tipo VI - CelulaCaliente
391817.3331029266,7082807.635951127,131,CHN_CT01_V01_DJI_0309,Tipo V - ModuloCortoCircuito
391823.7996678769,7082809.442009073,132,CHN_CT01_V01_DJI_0309,Tipo V - ModuloCortoCircuito
391817.69482316944,7082808.456763267,133,CHN_CT01_V01_DJI_0309,Tipo VI - CelulaCaliente
391811.5332980566,7082848.870616763,134,CHN_CT01_V01_DJI_0317,Tipo VI - CelulaCaliente
391817.9118664014,7082849.791035577,135,CHN_CT01_V01_DJI_0317,Tipo VI - CelulaCaliente
391812.21542180155,7082853.706169043,136,CHN_CT01_V01_DJI_0319,Tipo V - ModuloCortoCircuito
391817.72620736784,7082850.96879567,137,CHN_CT01_V01_DJI_0319,Tipo VI - CelulaCaliente
391811.32170139294,7082849.9757784745,138,CHN_CT01_V01_DJI_0319,Tipo VI - CelulaCaliente
391816.05120317684,7082855.883357021,139,CHN_CT01_V01_DJI_0319,Tipo V - ModuloCortoCircuito
391818.01798919216,7082851.861359319,140,CHN_CT01_V01_DJI_0319,Tipo VI - CelulaCaliente
391811.17105780507,7082849.490588723,141,CHN_CT01_V01_DJI_0321,Tipo VI - CelulaCaliente
391817.48511238187,7082850.401231968,142,CHN_CT01_V01_DJI_0321,Tipo VI - CelulaCaliente
391817.8458540889,7082851.242764328,143,CHN_CT01_V01_DJI_0321,Tipo VI - CelulaCaliente
391812.05166552897,7082853.351007944,144,CHN_CT01_V01_DJI_0321,Tipo V - ModuloCortoCircuito
391815.90850093146,7082855.2388844155,145,CHN_CT01_V01_DJI_0321,Tipo V - ModuloCortoCircuito
391817.88053751236,7082852.614146974,146,CHN_CT01_V01_DJI_0323,Tipo VI - CelulaCaliente
391816.01625909365,7082856.349191967,147,CHN_CT01_V01_DJI_0323,Tipo V - ModuloCortoCircuito
391812.18149980746,7082854.747393788,148,CHN_CT01_V01_DJI_0323,Tipo V - ModuloCortoCircuito
391830.2976151499,7082862.588988669,149,CHN_CT01_V01_DJI_0329,Tipo IV - BusBar
391829.82228203944,7082862.742351373,150,CHN_CT01_V01_DJI_0331,Tipo IV - BusBar
391829.8221435527,7082864.276064717,151,CHN_CT01_V01_DJI_0333,Tipo IV - BusBar
391830.04376707843,7082862.889127774,152,CHN_CT01_V01_DJI_0335,Tipo IV - BusBar
391834.53548917663,7082842.930565288,153,CHN_CT01_V01_DJI_0337,Tipo VI - CelulaCaliente
391834.28582077,7082841.46612417,154,CHN_CT01_V01_DJI_0339,Tipo VI - CelulaCaliente
391834.70732723246,7082843.794225955,155,CHN_CT01_V01_DJI_0339,Tipo VI - CelulaCaliente
391835.3339523942,7082832.019711502,156,CHN_CT01_V01_DJI_0341,Tipo VI - CelulaCaliente
391834.4490766733,7082841.705677113,157,CHN_CT01_V01_DJI_0341,Tipo VI - CelulaCaliente
391834.9738677067,7082844.020015478,158,CHN_CT01_V01_DJI_0341,Tipo VI - CelulaCaliente
391833.86314413615,7082835.012685579,159,CHN_CT01_V01_DJI_0341,Tipo IV - BusBar
391834.034837306,7082834.843822872,160,CHN_CT01_V01_DJI_0343,Tipo IV - BusBar
391824.05408166396,7082811.255377088,161,CHN_CT01_V01_DJI_0347,Tipo V - ModuloCortoCircuito
391823.9040877826,7082809.6875854805,162,CHN_CT01_V01_DJI_0349,Tipo V - ModuloCortoCircuito
391824.1113318468,7082810.732647184,163,CHN_CT01_V01_DJI_0351,Tipo V - ModuloCortoCircuito
391822.5197861636,7082788.497347239,164,CHN_CT01_V01_DJI_0355,Tipo IV - BusBar
391822.433577953,7082788.440079398,165,CHN_CT01_V01_DJI_0357,Tipo IV - BusBar
391829.89782185823,7082779.954035089,166,CHN_CT01_V01_DJI_0357,Tipo IV - BusBar
391821.9775605613,7082776.8337382525,167,CHN_CT01_V01_DJI_0359,Tipo IV - BusBar
391828.5611425579,7082776.539628442,168,CHN_CT01_V01_DJI_0359,Tipo VI - CelulaCaliente
391829.21903937723,7082776.597835108,169,CHN_CT01_V01_DJI_0359,Tipo VI - CelulaCaliente
391830.0831115771,7082780.561970495,170,CHN_CT01_V01_DJI_0359,Tipo IV - BusBar
391822.0513850739,7082776.149476655,171,CHN_CT01_V01_DJI_0361,Tipo IV - BusBar
391828.6767192036,7082776.056963548,172,CHN_CT01_V01_DJI_0361,Tipo VI - CelulaCaliente
391828.9204857706,7082766.948272156,173,CHN_CT01_V01_DJI_0361,Tipo VI - CelulaCaliente
391829.3332535017,7082775.980349429,174,CHN_CT01_V01_DJI_0361,Tipo VI - CelulaCaliente
391830.17926799133,7082779.81299079,175,CHN_CT01_V01_DJI_0361,Tipo IV - BusBar
391828.81478378765,7082774.636712545,176,CHN_CT01_V01_DJI_0363,Tipo VI - CelulaCaliente
391828.7397990018,7082760.870657614,177,CHN_CT01_V01_DJI_0363,Tipo IV - BusBar
391828.98806105414,7082765.456225006,178,CHN_CT01_V01_DJI_0363,Tipo VI - CelulaCaliente
391829.4506274513,7082774.594337316,179,CHN_CT01_V01_DJI_0363,Tipo VI - CelulaCaliente
391822.2018981667,7082774.829541623,180,CHN_CT01_V01_DJI_0363,Tipo IV - BusBar
391828.8636564507,7082761.176746532,181,CHN_CT01_V01_DJI_0365,Tipo IV - BusBar
391822.51041663723,7082756.7404391905,182,CHN_CT01_V01_DJI_0365,Tipo V - ModuloCortoCircuito
391829.1321724382,7082765.950342799,183,CHN_CT01_V01_DJI_0365,Tipo VI - CelulaCaliente
391822.43201980623,7082755.80837208,184,CHN_CT01_V01_DJI_0367,Tipo V - ModuloCortoCircuito
391828.74436433346,7082760.472105914,185,CHN_CT01_V01_DJI_0367,Tipo IV - BusBar
391828.25815023994,7082742.9678145945,186,CHN_CT01_V01_DJI_0369,Tipo IV - BusBar
391828.2283115644,7082742.502722774,187,CHN_CT01_V01_DJI_0371,Tipo IV - BusBar
391828.2894218184,7082742.1855735015,188,CHN_CT01_V01_DJI_0373,Tipo IV - BusBar
391823.3583025798,7082725.511470225,189,CHN_CT01_V01_DJI_0375,Tipo VI - CelulaCaliente
391823.1427651462,7082724.590534027,190,CHN_CT01_V01_DJI_0377,Tipo VI - CelulaCaliente
391829.5808050295,7082713.574523886,191,CHN_CT01_V01_DJI_0379,Tipo IV - BusBar
391830.1762364958,7082703.597981201,192,CHN_CT01_V01_DJI_0381,Tipo IV - BusBar
391829.6985374602,7082713.097036851,193,CHN_CT01_V01_DJI_0381,Tipo IV - BusBar
391830.29820506484,7082703.545065753,194,CHN_CT01_V01_DJI_0383,Tipo IV - BusBar
391830.0552915332,7082703.001555024,195,CHN_CT01_V01_DJI_0385,Tipo IV - BusBar
391828.6525269396,7082686.626866404,196,CHN_CT01_V01_DJI_0387,Tipo IV - BusBar
391828.7395225905,7082686.56530223,197,CHN_CT01_V01_DJI_0389,Tipo IV - BusBar
391834.34905592026,7082662.811779627,198,CHN_CT01_V01_DJI_0393,Tipo IV - BusBar
391834.4726406565,7082662.454625227,199,CHN_CT01_V01_DJI_0395,Tipo IV - BusBar
391834.4026262064,7082662.233450114,200,CHN_CT01_V01_DJI_0397,Tipo IV - BusBar
391823.4268922383,7082625.219169145,201,CHN_CT01_V01_DJI_0405,Tipo IV - BusBar
391823.42018049647,7082625.114711131,202,CHN_CT01_V01_DJI_0407,Tipo IV - BusBar
391823.21177670604,7082624.631051176,203,CHN_CT01_V01_DJI_0409,Tipo IV - BusBar
391824.409885547,7082596.220619619,204,CHN_CT01_V01_DJI_0415,Tipo VI - CelulaCaliente
391824.39217963227,7082596.901525669,205,CHN_CT01_V01_DJI_0415,Tipo VI - CelulaCaliente
391824.4306827296,7082597.577636072,206,CHN_CT01_V01_DJI_0417,Tipo VI - CelulaCaliente
391830.09339984425,7082589.776686553,207,CHN_CT01_V01_DJI_0417,Tipo IV - BusBar
391824.35291251587,7082598.233226532,208,CHN_CT01_V01_DJI_0417,Tipo VI - CelulaCaliente
391823.7909629618,7082595.631013667,209,CHN_CT01_V01_DJI_0419,Tipo VI - CelulaCaliente
391829.5174906094,7082587.777395809,210,CHN_CT01_V01_DJI_0419,Tipo IV - BusBar
391823.7721145498,7082596.256397866,211,CHN_CT01_V01_DJI_0419,Tipo VI - CelulaCaliente
391831.93944281753,7082587.599336472,212,CHN_CT01_V01_DJI_0421,Tipo IV - BusBar
391841.210068613,7082611.633897946,213,CHN_CT01_V01_DJI_0431,Tipo IV - BusBar
391841.4126276385,7082611.68264525,214,CHN_CT01_V01_DJI_0433,Tipo IV - BusBar
391839.6083637905,7082637.187212596,215,CHN_CT01_V01_DJI_0439,Tipo VI - CelulaCaliente
391839.8304427871,7082635.93330729,216,CHN_CT01_V01_DJI_0441,Tipo VI - CelulaCaliente
391834.2859960471,7082662.675917506,217,CHN_CT01_V01_DJI_0447,Tipo IV - BusBar
391834.2118631123,7082663.077062735,218,CHN_CT01_V01_DJI_0449,Tipo IV - BusBar
391841.8926537704,7082686.869576211,219,CHN_CT01_V01_DJI_0453,Tipo IV - BusBar
391841.8890937561,7082687.995693328,220,CHN_CT01_V01_DJI_0455,Tipo IV - BusBar
391841.78345569974,7082688.147181305,221,CHN_CT01_V01_DJI_0457,Tipo IV - BusBar
391835.15709017497,7082710.537951644,222,CHN_CT01_V01_DJI_0463,Tipo VI - CelulaCaliente
391833.16500811547,7082747.547861103,223,CHN_CT01_V01_DJI_0471,Tipo VI - CelulaCaliente
391840.27782752924,7082750.370777043,224,CHN_CT01_V01_DJI_0473,Tipo IV - BusBar
391840.2740562127,7082750.919066807,225,CHN_CT01_V01_DJI_0475,Tipo IV - BusBar
391840.1648624187,7082750.6777094845,226,CHN_CT01_V01_DJI_0477,Tipo IV - BusBar
391845.3061168321,7082797.763132308,227,CHN_CT01_V01_DJI_0487,Tipo IV - BusBar
391845.2059887034,7082798.044288951,228,CHN_CT01_V01_DJI_0489,Tipo IV - BusBar
391845.0997257027,7082798.41484627,229,CHN_CT01_V01_DJI_0491,Tipo IV - BusBar
391835.7593696035,7082830.431985581,230,CHN_CT01_V01_DJI_0497,Tipo VI - CelulaCaliente
391835.66663398343,7082834.525962908,231,CHN_CT01_V01_DJI_0499,Tipo VI - CelulaCaliente
391835.67662906274,7082830.737951929,232,CHN_CT01_V01_DJI_0499,Tipo VI - CelulaCaliente
391834.01064839715,7082837.505808262,233,CHN_CT01_V01_DJI_0499,Tipo IV - BusBar
391834.0043342301,7082837.498822166,234,CHN_CT01_V01_DJI_0501,Tipo IV - BusBar
391835.6697648446,7082834.537897456,235,CHN_CT01_V01_DJI_0501,Tipo VI - CelulaCaliente
391834.9055603176,7082845.939574323,236,CHN_CT01_V01_DJI_0501,Tipo VI - CelulaCaliente
391834.4867723955,7082843.74508163,237,CHN_CT01_V01_DJI_0501,Tipo VI - CelulaCaliente
391834.5713333201,7082844.4618775435,238,CHN_CT01_V01_DJI_0503,Tipo VI - CelulaCaliente
391834.15702363796,7082838.241937877,239,CHN_CT01_V01_DJI_0503,Tipo IV - BusBar
391835.04658062186,7082846.723371679,240,CHN_CT01_V01_DJI_0503,Tipo VI - CelulaCaliente
391835.1046936198,7082846.61656902,241,CHN_CT01_V01_DJI_0505,Tipo VI - CelulaCaliente
391834.59217528184,7082844.313495185,242,CHN_CT01_V01_DJI_0505,Tipo VI - CelulaCaliente
391857.70541626244,7082865.058308785,243,CHN_CT01_V01_DJI_0517,Tipo IV - BusBar
391857.83338039054,7082864.511607054,244,CHN_CT01_V01_DJI_0519,Tipo IV - BusBar
391857.8412920136,7082863.849367396,245,CHN_CT01_V01_DJI_0521,Tipo IV - BusBar
391857.4249461739,7082847.136615403,246,CHN_CT01_V01_DJI_0523,Tipo IV - BusBar
391852.7131550555,7082845.320865294,247,CHN_CT01_V01_DJI_0523,Tipo IV - BusBar
391857.44240831636,7082848.714792581,248,CHN_CT01_V01_DJI_0525,Tipo IV - BusBar
391852.6788492518,7082846.674896747,249,CHN_CT01_V01_DJI_0525,Tipo IV - BusBar
391844.8888803339,7082798.055137162,250,CHN_CT01_V01_DJI_0537,Tipo IV - BusBar
391847.6262545561,7082794.504273503,251,CHN_CT01_V01_DJI_0539,Tipo VI - CelulaCaliente
391845.010093046,7082798.015676411,252,CHN_CT01_V01_DJI_0539,Tipo IV - BusBar
391847.8063967929,7082794.32034451,253,CHN_CT01_V01_DJI_0541,Tipo VI - CelulaCaliente
391845.09901351715,7082798.077204996,254,CHN_CT01_V01_DJI_0541,Tipo IV - BusBar
391853.2003911998,7082742.384059077,255,CHN_CT01_V01_DJI_0555,Tipo V - ModuloCortoCircuito
391853.38059086655,7082742.17198069,256,CHN_CT01_V01_DJI_0557,Tipo V - ModuloCortoCircuito
391851.82034229825,7082724.749352403,257,CHN_CT01_V01_DJI_0559,Tipo VI - CelulaCaliente
391851.84739328123,7082723.46783523,258,CHN_CT01_V01_DJI_0561,Tipo VI - CelulaCaliente
391852.1204718129,7082722.850866741,259,CHN_CT01_V01_DJI_0563,Tipo VI - CelulaCaliente
391853.69854704605,7082704.765120789,260,CHN_CT01_V01_DJI_0567,Tipo VI - CelulaCaliente
391853.7812652027,7082704.140601266,261,CHN_CT01_V01_DJI_0569,Tipo VI - CelulaCaliente
391852.06237937044,7082683.951549782,262,CHN_CT01_V01_DJI_0573,Tipo IV - BusBar
391851.80676460743,7082683.0288919825,263,CHN_CT01_V01_DJI_0575,Tipo IV - BusBar
391851.2145942818,7082676.992388682,264,CHN_CT01_V01_DJI_0575,Tipo IV - BusBar
391851.26174863195,7082677.10315828,265,CHN_CT01_V01_DJI_0577,Tipo IV - BusBar
391848.0777973316,7082645.49580835,266,CHN_CT01_V01_DJI_0585,Tipo VI - CelulaCaliente
391847.7016381824,7082646.622709157,267,CHN_CT01_V01_DJI_0585,Tipo VI - CelulaCaliente
391847.8617489945,7082646.041824512,268,CHN_CT01_V01_DJI_0587,Tipo VI - CelulaCaliente
391848.22125508974,7082644.90403727,269,CHN_CT01_V01_DJI_0587,Tipo VI - CelulaCaliente
391853.3105474438,7082630.694622559,270,CHN_CT01_V01_DJI_0589,Tipo VI - CelulaCaliente
391853.3637661553,7082632.273523493,271,CHN_CT01_V01_DJI_0591,Tipo VI - CelulaCaliente
391853.8398642217,7082633.044619599,272,CHN_CT01_V02_DJI_0593,Tipo VI - CelulaCaliente
391848.9064434765,7082645.73382619,273,CHN_CT01_V02_DJI_0593,Tipo VI - CelulaCaliente
391853.4231164784,7082632.190149082,274,CHN_CT01_V02_DJI_0595,Tipo VI - CelulaCaliente
391853.44834959914,7082630.007084432,275,CHN_CT01_V02_DJI_0597,Tipo VI - CelulaCaliente
391854.2604794341,7082605.757441049,276,CHN_CT01_V02_DJI_0601,Tipo IV - BusBar
391848.20741774543,7082609.288412301,277,CHN_CT01_V02_DJI_0601,Tipo IV - BusBar
391853.7673415723,7082601.268728013,278,CHN_CT01_V02_DJI_0603,Tipo IV - BusBar
391854.0756642348,7082604.77167437,279,CHN_CT01_V02_DJI_0603,Tipo IV - BusBar
391847.91026780533,7082608.260922974,280,CHN_CT01_V02_DJI_0603,Tipo IV - BusBar
391853.5505272781,7082601.153938045,281,CHN_CT01_V02_DJI_0605,Tipo IV - BusBar
391853.7945249961,7082604.578831917,282,CHN_CT01_V02_DJI_0605,Tipo IV - BusBar
391853.1102128228,7082601.299042167,283,CHN_CT01_V02_DJI_0607,Tipo IV - BusBar
391853.1586477734,7082601.363194703,284,CHN_CT01_V02_DJI_0609,Tipo IV - BusBar
391853.8620919259,7082601.356880512,285,CHN_CT01_V02_DJI_0611,Tipo IV - BusBar
391859.5519328659,7082593.822037537,286,CHN_CT01_V02_DJI_0611,Tipo IV - BusBar
391861.6597012002,7082593.484179157,287,CHN_CT01_V02_DJI_0613,Tipo IV - BusBar
391858.76235312736,7082590.91335408,288,CHN_CT01_V02_DJI_0615,Tipo IV - BusBar
391858.5534844552,7082591.823588215,289,CHN_CT01_V02_DJI_0617,Tipo IV - BusBar
391858.9816654301,7082593.500854977,290,CHN_CT01_V02_DJI_0619,Tipo IV - BusBar
391858.5439182906,7082607.989485914,291,CHN_CT01_V02_DJI_0621,Tipo IV - BusBar
391858.6099341905,7082609.621041659,292,CHN_CT01_V02_DJI_0623,Tipo IV - BusBar
391863.4964544191,7082680.196715055,293,CHN_CT01_V02_DJI_0643,Tipo VI - CelulaCaliente
391864.0480997078,7082681.563396208,294,CHN_CT01_V02_DJI_0645,Tipo VI - CelulaCaliente
391864.13302243967,7082682.1519888155,295,CHN_CT01_V02_DJI_0647,Tipo VI - CelulaCaliente
391858.40252919984,7082713.2757240245,296,CHN_CT01_V02_DJI_0653,Tipo IV - BusBar
391858.90471387375,7082717.87604852,297,CHN_CT01_V02_DJI_0655,Tipo IV - BusBar
391858.50531664485,7082714.0524451705,298,CHN_CT01_V02_DJI_0655,Tipo IV - BusBar
391858.72764360183,7082713.745309232,299,CHN_CT01_V02_DJI_0657,Tipo IV - BusBar
391859.06707336666,7082717.560376087,300,CHN_CT01_V02_DJI_0657,Tipo IV - BusBar
391859.303395769,7082719.624510851,301,CHN_CT01_V02_DJI_0659,Tipo IV - BusBar
391863.21275530977,7082762.898354223,302,CHN_CT01_V02_DJI_0669,Tipo IV - BusBar
391863.3829450953,7082763.513586851,303,CHN_CT01_V02_DJI_0671,Tipo IV - BusBar
391858.75562659104,7082773.053671941,304,CHN_CT01_V02_DJI_0671,Tipo VI - CelulaCaliente
391858.81861876254,7082774.204669551,305,CHN_CT01_V02_DJI_0673,Tipo VI - CelulaCaliente
391858.9797391638,7082774.924279835,306,CHN_CT01_V02_DJI_0675,Tipo VI - CelulaCaliente
391858.55832154246,7082798.515170432,307,CHN_CT01_V02_DJI_0679,Tipo IV - BusBar
391858.73071948654,7082799.647687674,308,CHN_CT01_V02_DJI_0681,Tipo IV - BusBar
391858.964101418,7082800.721402342,309,CHN_CT01_V02_DJI_0683,Tipo IV - BusBar
391856.27586467745,7082847.011652701,310,CHN_CT01_V02_DJI_0693,Tipo IV - BusBar
391856.52884799056,7082847.937076833,311,CHN_CT01_V02_DJI_0695,Tipo IV - BusBar
391857.02734233433,7082848.521028807,312,CHN_CT01_V02_DJI_0697,Tipo IV - BusBar
391857.04128554225,7082863.79402554,313,CHN_CT01_V02_DJI_0699,Tipo IV - BusBar
391857.13326202857,7082862.502096847,314,CHN_CT01_V02_DJI_0701,Tipo IV - BusBar
391857.1795415379,7082862.681778921,315,CHN_CT01_V02_DJI_0703,Tipo IV - BusBar
391687.0958239443,7082828.389757248,316,CHN_CT01_V03_DJI_0010,Tipo VI - CelulaCaliente
391686.74726940645,7082828.258616228,317,CHN_CT01_V03_DJI_0012,Tipo VI - CelulaCaliente
391687.2661980391,7082828.41411317,318,CHN_CT01_V03_DJI_0014,Tipo VI - CelulaCaliente
391682.5553753512,7082801.357760102,319,CHN_CT01_V03_DJI_0020,Tipo IV - BusBar
391682.71609703166,7082800.696670511,320,CHN_CT01_V03_DJI_0022,Tipo IV - BusBar
391682.8390953268,7082799.476642664,321,CHN_CT01_V03_DJI_0024,Tipo IV - BusBar
391682.7768071447,7082773.21642917,322,CHN_CT01_V03_DJI_0028,Tipo IV - BusBar
391682.6662230253,7082771.454395613,323,CHN_CT01_V03_DJI_0030,Tipo IV - BusBar
391688.1480199176,7082761.942250247,324,CHN_CT01_V03_DJI_0032,Tipo IV - BusBar
391682.7283226729,7082771.249430515,325,CHN_CT01_V03_DJI_0032,Tipo IV - BusBar
391680.44299571967,7082755.560864089,326,CHN_CT01_V03_DJI_0034,Tipo IV - BusBar
391688.2633804695,7082761.835177224,327,CHN_CT01_V03_DJI_0034,Tipo IV - BusBar
391688.19647400023,7082757.277971322,328,CHN_CT01_V03_DJI_0034,Tipo IV - BusBar
391688.34236655035,7082757.833462695,329,CHN_CT01_V03_DJI_0036,Tipo IV - BusBar
391680.5134655618,7082756.102699714,330,CHN_CT01_V03_DJI_0036,Tipo IV - BusBar
391680.58379785164,7082755.315834526,331,CHN_CT01_V03_DJI_0038,Tipo IV - BusBar
391682.83378415386,7082692.240877699,332,CHN_CT01_V03_DJI_0054,Tipo VI - CelulaCaliente
391682.81360111374,7082691.636024136,333,CHN_CT01_V03_DJI_0056,Tipo VI - CelulaCaliente
391682.47793106,7082663.958584752,334,CHN_CT01_V03_DJI_0062,Tipo VI - CelulaCaliente
391688.11010775773,7082665.376943316,335,CHN_CT01_V03_DJI_0062,Tipo VI - CelulaCaliente
391682.39777808776,7082662.894324332,336,CHN_CT01_V03_DJI_0064,Tipo VI - CelulaCaliente
391688.0358104535,7082664.548988643,337,CHN_CT01_V03_DJI_0064,Tipo VI - CelulaCaliente
391688.02110068913,7082664.488042997,338,CHN_CT01_V03_DJI_0066,Tipo VI - CelulaCaliente
391682.3636391344,7082662.724368899,339,CHN_CT01_V03_DJI_0066,Tipo VI - CelulaCaliente
391682.7332537094,7082641.9519213345,340,CHN_CT01_V03_DJI_0070,Tipo VI - CelulaCaliente
391682.77066731895,7082640.832961866,341,CHN_CT01_V03_DJI_0072,Tipo VI - CelulaCaliente
391682.5346224823,7082641.365537161,342,CHN_CT01_V03_DJI_0074,Tipo VI - CelulaCaliente
391682.96521139774,7082640.442091853,343,CHN_CT01_V04_DJI_0076,Tipo VI - CelulaCaliente
391682.47144549387,7082624.475028152,344,CHN_CT01_V04_DJI_0078,Tipo IV - BusBar
391681.85658156784,7082625.155578878,345,CHN_CT01_V04_DJI_0078,Tipo VI - CelulaCaliente
391682.39616559824,7082622.826969375,346,CHN_CT01_V04_DJI_0080,Tipo IV - BusBar
391687.7292210259,7082618.175831331,347,CHN_CT01_V04_DJI_0080,Tipo IV - BusBar
391681.73743356945,7082623.592816042,348,CHN_CT01_V04_DJI_0080,Tipo VI - CelulaCaliente
391682.41979937546,7082622.490296189,349,CHN_CT01_V04_DJI_0082,Tipo IV - BusBar
391681.8480618938,7082623.361723976,350,CHN_CT01_V04_DJI_0082,Tipo VI - CelulaCaliente
391687.7264849088,7082618.060612023,351,CHN_CT01_V04_DJI_0082,Tipo IV - BusBar
391689.87223878934,7082603.08022804,352,CHN_CT01_V04_DJI_0092,Tipo IV - BusBar
391688.9669713142,7082603.006709623,353,CHN_CT01_V04_DJI_0094,Tipo IV - BusBar
391688.96178880456,7082599.947263143,354,CHN_CT01_V04_DJI_0096,Tipo IV - BusBar
391688.84765019413,7082602.011621758,355,CHN_CT01_V04_DJI_0098,Tipo IV - BusBar
391689.3670419767,7082603.696915631,356,CHN_CT01_V04_DJI_0098,Tipo IV - BusBar
391697.8329565614,7082602.583993524,357,CHN_CT01_V04_DJI_0098,Tipo IV - BusBar
391692.38277922414,7082605.005451718,358,CHN_CT01_V04_DJI_0098,Tipo VI - CelulaCaliente
391694.284672946,7082602.8055156255,359,CHN_CT01_V04_DJI_0098,Tipo VI - CelulaCaliente
391698.64327798045,7082602.51879661,360,CHN_CT01_V04_DJI_0098,Tipo IV - BusBar
391689.61249624804,7082604.798688579,361,CHN_CT01_V04_DJI_0100,Tipo IV - BusBar
391692.644960316,7082605.618852498,362,CHN_CT01_V04_DJI_0100,Tipo VI - CelulaCaliente
391694.50709401845,7082603.595293213,363,CHN_CT01_V04_DJI_0100,Tipo VI - CelulaCaliente
391698.0152983806,7082602.91812182,364,CHN_CT01_V04_DJI_0100,Tipo IV - BusBar
391698.8494072928,7082602.916647175,365,CHN_CT01_V04_DJI_0100,Tipo IV - BusBar
391698.4599520562,7082606.73339591,366,CHN_CT01_V04_DJI_0100,Tipo IV - BusBar
391689.1102627044,7082603.105594123,367,CHN_CT01_V04_DJI_0100,Tipo IV - BusBar
391698.516902876,7082602.962840733,368,CHN_CT01_V04_DJI_0102,Tipo IV - BusBar
391692.38241548074,7082605.805891268,369,CHN_CT01_V04_DJI_0102,Tipo VI - CelulaCaliente
391694.21455593157,7082603.991857789,370,CHN_CT01_V04_DJI_0102,Tipo VI - CelulaCaliente
391697.6930324311,7082602.899231443,371,CHN_CT01_V04_DJI_0102,Tipo IV - BusBar
391689.31373486004,7082605.373042832,372,CHN_CT01_V04_DJI_0102,Tipo IV - BusBar
391688.4418938732,7082617.75673481,373,CHN_CT01_V04_DJI_0102,Tipo IV - BusBar
391698.1368009392,7082606.701728934,374,CHN_CT01_V04_DJI_0102,Tipo IV - BusBar
391688.8060591387,7082603.614707584,375,CHN_CT01_V04_DJI_0102,Tipo IV - BusBar
391688.6290251182,7082617.897528977,376,CHN_CT01_V04_DJI_0104,Tipo IV - BusBar
391693.60686018685,7082629.670843079,377,CHN_CT01_V04_DJI_0106,Tipo VI - CelulaCaliente
391688.58040937426,7082619.8205031995,378,CHN_CT01_V04_DJI_0106,Tipo IV - BusBar
391693.1781214949,7082629.544353355,379,CHN_CT01_V04_DJI_0106,Tipo VI - CelulaCaliente
391693.05886757595,7082630.004576598,380,CHN_CT01_V04_DJI_0108,Tipo VI - CelulaCaliente
391693.5032317139,7082630.129675364,381,CHN_CT01_V04_DJI_0108,Tipo VI - CelulaCaliente
391689.27505105856,7082638.753716648,382,CHN_CT01_V04_DJI_0108,Tipo V - ModuloCortoCircuito
391694.42747609015,7082640.004126086,383,CHN_CT01_V04_DJI_0110,Tipo VI - CelulaCaliente
391693.3129335217,7082630.141743268,384,CHN_CT01_V04_DJI_0110,Tipo VI - CelulaCaliente
391693.71366116696,7082630.334225349,385,CHN_CT01_V04_DJI_0110,Tipo VI - CelulaCaliente
391693.5710195831,7082643.524151407,386,CHN_CT01_V04_DJI_0110,Tipo VI - CelulaCaliente
391689.4260772447,7082639.090289307,387,CHN_CT01_V04_DJI_0110,Tipo V - ModuloCortoCircuito
391689.3009843391,7082639.893203443,388,CHN_CT01_V04_DJI_0112,Tipo V - ModuloCortoCircuito
391694.2171775179,7082640.319362758,389,CHN_CT01_V04_DJI_0112,Tipo VI - CelulaCaliente
391693.3639492743,7082643.932629516,390,CHN_CT01_V04_DJI_0112,Tipo VI - CelulaCaliente
391699.44769708085,7082654.258279471,391,CHN_CT01_V04_DJI_0114,Tipo V - ModuloCortoCircuito
391694.39015497745,7082653.955393288,392,CHN_CT01_V04_DJI_0114,Tipo VI - CelulaCaliente
391693.2346651718,7082645.208046061,393,CHN_CT01_V04_DJI_0114,Tipo VI - CelulaCaliente
391699.3735313467,7082654.726290453,394,CHN_CT01_V04_DJI_0116,Tipo V - ModuloCortoCircuito
391694.41749978653,7082654.627025792,395,CHN_CT01_V04_DJI_0116,Tipo VI - CelulaCaliente
391689.2715630378,7082663.7483318895,396,CHN_CT01_V04_DJI_0116,Tipo VI - CelulaCaliente
391699.62552239036,7082654.973404206,397,CHN_CT01_V04_DJI_0118,Tipo V - ModuloCortoCircuito
391689.43734667794,7082664.464657441,398,CHN_CT01_V04_DJI_0118,Tipo VI - CelulaCaliente
391694.5325425313,7082655.142299764,399,CHN_CT01_V04_DJI_0118,Tipo VI - CelulaCaliente
391689.3491359964,7082665.47050718,400,CHN_CT01_V04_DJI_0120,Tipo VI - CelulaCaliente
391694.2420462879,7082690.385117984,401,CHN_CT01_V04_DJI_0124,Tipo VI - CelulaCaliente
391694.2213630049,7082691.666318915,402,CHN_CT01_V04_DJI_0126,Tipo VI - CelulaCaliente
391689.27866926824,7082696.132637528,403,CHN_CT01_V04_DJI_0126,Tipo VI - CelulaCaliente
391689.2546240178,7082696.167292765,404,CHN_CT01_V04_DJI_0128,Tipo VI - CelulaCaliente
391694.14939375455,7082691.441582074,405,CHN_CT01_V04_DJI_0128,Tipo VI - CelulaCaliente
391689.4477580652,7082697.308367327,406,CHN_CT01_V04_DJI_0130,Tipo VI - CelulaCaliente
391689.111981717,7082710.2137594,407,CHN_CT01_V04_DJI_0130,Tipo VI - CelulaCaliente
391689.0916236111,7082711.926549818,408,CHN_CT01_V04_DJI_0132,Tipo VI - CelulaCaliente
391689.1588186177,7082718.961517615,409,CHN_CT01_V04_DJI_0134,Tipo VI - CelulaCaliente
391694.0789573744,7082721.207562562,410,CHN_CT01_V04_DJI_0134,Tipo VI - CelulaCaliente
391689.0317437114,7082712.4069959745,411,CHN_CT01_V04_DJI_0134,Tipo VI - CelulaCaliente
391697.96997774765,7082721.807158262,412,CHN_CT01_V04_DJI_0134,Tipo IV - BusBar
391689.19721786305,7082719.438775343,413,CHN_CT01_V04_DJI_0134,Tipo VI - CelulaCaliente
391689.08131821186,7082719.692193856,414,CHN_CT01_V04_DJI_0136,Tipo VI - CelulaCaliente
391697.9476795592,7082721.84968406,415,CHN_CT01_V04_DJI_0136,Tipo IV - BusBar
391694.022316391,7082721.70039979,416,CHN_CT01_V04_DJI_0136,Tipo VI - CelulaCaliente
391689.1184995015,7082720.154313834,417,CHN_CT01_V04_DJI_0136,Tipo VI - CelulaCaliente
391698.1645090606,7082722.603595328,418,CHN_CT01_V04_DJI_0138,Tipo IV - BusBar
391689.33074538433,7082720.978606077,419,CHN_CT01_V04_DJI_0138,Tipo VI - CelulaCaliente
391689.33732194925,7082721.458022902,420,CHN_CT01_V04_DJI_0138,Tipo VI - CelulaCaliente
391694.21608001733,7082722.8412874155,421,CHN_CT01_V04_DJI_0138,Tipo VI - CelulaCaliente
391689.1955178791,7082755.231242387,422,CHN_CT01_V04_DJI_0144,Tipo IV - BusBar
391689.1593148691,7082755.698721014,423,CHN_CT01_V04_DJI_0146,Tipo IV - BusBar
391689.1541730022,7082759.826141642,424,CHN_CT01_V04_DJI_0146,Tipo IV - BusBar
391694.19738347054,7082765.213939031,425,CHN_CT01_V04_DJI_0148,Tipo VI - CelulaCaliente
391689.07097728347,7082755.963273762,426,CHN_CT01_V04_DJI_0148,Tipo IV - BusBar
391689.0537386442,7082760.138103914,427,CHN_CT01_V04_DJI_0148,Tipo IV - BusBar
391689.2836681057,7082761.906197845,428,CHN_CT01_V04_DJI_0150,Tipo IV - BusBar
391694.39726537734,7082766.881398583,429,CHN_CT01_V04_DJI_0150,Tipo VI - CelulaCaliente
391694.3816970276,7082770.473738512,430,CHN_CT01_V04_DJI_0150,Tipo VI - CelulaCaliente
391694.2562352165,7082770.093951806,431,CHN_CT01_V04_DJI_0152,Tipo VI - CelulaCaliente
391694.3023982915,7082766.481613799,432,CHN_CT01_V04_DJI_0152,Tipo VI - CelulaCaliente
391693.2768879166,7082782.860779254,433,CHN_CT01_V04_DJI_0154,Tipo IV - BusBar
391694.1686949245,7082771.665629704,434,CHN_CT01_V04_DJI_0154,Tipo VI - CelulaCaliente
391693.16924771224,7082783.661271681,435,CHN_CT01_V04_DJI_0156,Tipo IV - BusBar
391693.1426472268,7082784.104801616,436,CHN_CT01_V04_DJI_0158,Tipo IV - BusBar
391699.4154391643,7082795.356097523,437,CHN_CT01_V04_DJI_0160,Tipo VI - CelulaCaliente
391697.6520086634,7082804.578121346,438,CHN_CT01_V04_DJI_0160,Tipo VI - CelulaCaliente
391699.5440960852,7082800.723615471,439,CHN_CT01_V04_DJI_0160,Tipo VI - CelulaCaliente
391699.4722281377,7082801.448971406,440,CHN_CT01_V04_DJI_0162,Tipo VI - CelulaCaliente
391697.59929404943,7082805.178766162,441,CHN_CT01_V04_DJI_0162,Tipo VI - CelulaCaliente
391697.479374956,7082805.19640029,442,CHN_CT01_V04_DJI_0164,Tipo VI - CelulaCaliente
391693.49035256816,7082821.615303978,443,CHN_CT01_V04_DJI_0166,Tipo IV - BusBar
391699.4324246895,7082823.9275375195,444,CHN_CT01_V04_DJI_0166,Tipo VI - CelulaCaliente
391699.4043828636,7082823.5790104605,445,CHN_CT01_V04_DJI_0166,Tipo VI - CelulaCaliente
391693.6535644089,7082823.027603425,446,CHN_CT01_V04_DJI_0168,Tipo IV - BusBar
391699.6208510691,7082825.196526499,447,CHN_CT01_V04_DJI_0168,Tipo VI - CelulaCaliente
391699.6004399061,7082824.942839631,448,CHN_CT01_V04_DJI_0168,Tipo VI - CelulaCaliente
391693.57526126737,7082822.81351591,449,CHN_CT01_V04_DJI_0170,Tipo IV - BusBar
391699.5198085072,7082824.820514417,450,CHN_CT01_V04_DJI_0170,Tipo VI - CelulaCaliente
391699.5234479079,7082824.46973263,451,CHN_CT01_V04_DJI_0170,Tipo VI - CelulaCaliente
391688.95625272684,7082856.96655485,452,CHN_CT01_V04_DJI_0176,Tipo VI - CelulaCaliente
391688.9376456436,7082857.52166854,453,CHN_CT01_V04_DJI_0176,Tipo VI - CelulaCaliente
391698.9838842785,7082858.136952909,454,CHN_CT01_V04_DJI_0176,Tipo VI - CelulaCaliente
391689.06544209766,7082857.812434791,455,CHN_CT01_V04_DJI_0178,Tipo VI - CelulaCaliente
391699.13286669395,7082858.415554218,456,CHN_CT01_V04_DJI_0178,Tipo VI - CelulaCaliente
391689.1131281867,7082859.98385817,457,CHN_CT01_V04_DJI_0178,Tipo VI - CelulaCaliente
391689.11621336703,7082858.443462272,458,CHN_CT01_V04_DJI_0178,Tipo VI - CelulaCaliente
391689.0300957862,7082857.168772889,459,CHN_CT01_V04_DJI_0180,Tipo VI - CelulaCaliente
391689.0194321785,7082856.629841534,460,CHN_CT01_V04_DJI_0180,Tipo VI - CelulaCaliente
391689.09860934183,7082858.846194977,461,CHN_CT01_V04_DJI_0180,Tipo VI - CelulaCaliente
391699.11413142405,7082856.803783426,462,CHN_CT01_V04_DJI_0180,Tipo VI - CelulaCaliente
391689.7041486562,7082857.447984976,463,CHN_CT01_V04_DJI_0182,Tipo VI - CelulaCaliente
391689.75185698975,7082859.061495738,464,CHN_CT01_V04_DJI_0182,Tipo VI - CelulaCaliente
391699.92805989634,7082857.008023217,465,CHN_CT01_V04_DJI_0182,Tipo VI - CelulaCaliente
391689.6910181763,7082856.878218782,466,CHN_CT01_V04_DJI_0182,Tipo VI - CelulaCaliente
391701.1800464428,7082857.004614221,467,CHN_CT01_V04_DJI_0184,Tipo VI - CelulaCaliente
391700.1358558788,7082857.460774019,468,CHN_CT01_V04_DJI_0186,Tipo VI - CelulaCaliente
391700.0697565504,7082857.472315691,469,CHN_CT01_V04_DJI_0188,Tipo VI - CelulaCaliente
391699.8087842951,7082860.352195373,470,CHN_CT01_V04_DJI_0190,Tipo VI - CelulaCaliente
391710.21530593536,7082850.876297887,471,CHN_CT01_V04_DJI_0192,Tipo VI - CelulaCaliente
391710.42733247834,7082852.056875091,472,CHN_CT01_V04_DJI_0194,Tipo VI - CelulaCaliente
391700.55261028814,7082826.335505683,473,CHN_CT01_V04_DJI_0200,Tipo VI - CelulaCaliente
391700.71759867494,7082826.726200761,474,CHN_CT01_V04_DJI_0202,Tipo VI - CelulaCaliente
391700.2950496001,7082798.280695684,475,CHN_CT01_V04_DJI_0208,Tipo VI - CelulaCaliente
391700.43696672213,7082796.779237069,476,CHN_CT01_V04_DJI_0210,Tipo VI - CelulaCaliente
391700.46825247054,7082796.322542613,477,CHN_CT01_V04_DJI_0212,Tipo VI - CelulaCaliente
391700.7632838945,7082777.627201246,478,CHN_CT01_V04_DJI_0214,Tipo VI - CelulaCaliente
391700.648592648,7082775.9929968435,479,CHN_CT01_V04_DJI_0216,Tipo VI - CelulaCaliente
391700.5768022612,7082771.810738381,480,CHN_CT01_V04_DJI_0216,Tipo VI - CelulaCaliente
391700.78203625395,7082776.093266333,481,CHN_CT01_V04_DJI_0218,Tipo VI - CelulaCaliente
391700.7412094787,7082771.897873662,482,CHN_CT01_V04_DJI_0218,Tipo VI - CelulaCaliente
391700.8361768847,7082770.871061094,483,CHN_CT01_V04_DJI_0220,Tipo VI - CelulaCaliente
391704.1859287277,7082740.920305248,484,CHN_CT01_V04_DJI_0226,Tipo IV - BusBar
391703.95802670537,7082740.641800385,485,CHN_CT01_V04_DJI_0228,Tipo IV - BusBar
391709.5444111465,7082725.204807724,486,CHN_CT01_V04_DJI_0230,Tipo IV - BusBar
391703.987342187,7082740.474497551,487,CHN_CT01_V04_DJI_0230,Tipo IV - BusBar
391709.7517269794,7082725.882914534,488,CHN_CT01_V04_DJI_0232,Tipo IV - BusBar
391709.7008636569,7082724.193155061,489,CHN_CT01_V04_DJI_0234,Tipo IV - BusBar
391700.5123059243,7082712.328778383,490,CHN_CT01_V04_DJI_0234,Tipo VI - CelulaCaliente
391705.0919673412,7082712.7344668545,491,CHN_CT01_V04_DJI_0234,Tipo IV - BusBar
391700.426884404,7082711.788336974,492,CHN_CT01_V04_DJI_0236,Tipo VI - CelulaCaliente
391704.94655819226,7082712.34230465,493,CHN_CT01_V04_DJI_0236,Tipo IV - BusBar
391700.82971786713,7082711.0612624455,494,CHN_CT01_V04_DJI_0236,Tipo VI - CelulaCaliente
391700.8744410008,7082709.380905569,495,CHN_CT01_V04_DJI_0236,Tipo VI - CelulaCaliente
391704.99942027335,7082712.134121362,496,CHN_CT01_V04_DJI_0238,Tipo IV - BusBar
391700.8614875948,7082708.735001506,497,CHN_CT01_V04_DJI_0238,Tipo VI - CelulaCaliente
391700.47035639215,7082711.291102175,498,CHN_CT01_V04_DJI_0238,Tipo VI - CelulaCaliente
391700.74003932154,7082710.460123261,499,CHN_CT01_V04_DJI_0238,Tipo VI - CelulaCaliente
391700.5359490729,7082707.900648798,500,CHN_CT01_V04_DJI_0240,Tipo VI - CelulaCaliente
391700.4309057804,7082655.50488911,501,CHN_CT01_V04_DJI_0252,Tipo V - ModuloCortoCircuito
391700.4626659984,7082655.013388194,502,CHN_CT01_V04_DJI_0254,Tipo V - ModuloCortoCircuito
391700.5527458226,7082653.891831841,503,CHN_CT01_V04_DJI_0256,Tipo V - ModuloCortoCircuito
391700.5428554843,7082646.127206343,504,CHN_CT01_V04_DJI_0256,Tipo V - ModuloCortoCircuito
391700.2721513292,7082645.583655679,505,CHN_CT01_V04_DJI_0258,Tipo V - ModuloCortoCircuito
391705.8625847394,7082638.027212356,506,CHN_CT01_V04_DJI_0258,Tipo VI - CelulaCaliente
391705.91662073665,7082632.732976582,507,CHN_CT01_V04_DJI_0260,Tipo VI - CelulaCaliente
391700.2174622421,7082644.719029673,508,CHN_CT01_V04_DJI_0260,Tipo V - ModuloCortoCircuito
391705.7821862765,7082637.221585974,509,CHN_CT01_V04_DJI_0260,Tipo VI - CelulaCaliente
391705.8555718082,7082632.403406324,510,CHN_CT01_V04_DJI_0262,Tipo VI - CelulaCaliente
391705.8386043261,7082636.740477141,511,CHN_CT01_V04_DJI_0262,Tipo VI - CelulaCaliente
391705.0215632226,7082619.451495575,512,CHN_CT01_V04_DJI_0264,Tipo VI - CelulaCaliente
391705.833277023,7082632.077500312,513,CHN_CT01_V04_DJI_0264,Tipo VI - CelulaCaliente
391704.94385566877,7082620.936731352,514,CHN_CT01_V04_DJI_0266,Tipo VI - CelulaCaliente
391705.6999229995,7082633.332784011,515,CHN_CT01_V05_DJI_0268,Tipo VI - CelulaCaliente
391704.9286025967,7082620.703408963,516,CHN_CT01_V05_DJI_0268,Tipo VI - CelulaCaliente
391704.92297798133,7082619.348714145,517,CHN_CT01_V05_DJI_0270,Tipo VI - CelulaCaliente
391704.93016558164,7082619.048311586,518,CHN_CT01_V05_DJI_0272,Tipo VI - CelulaCaliente
391681.3476475073,7082625.192460382,519,CHN_CT01_V06_DJI_0280,Tipo IV - BusBar
391681.61008608236,7082624.47160458,520,CHN_CT01_V06_DJI_0282,Tipo IV - BusBar
391686.4648527043,7082619.87837089,521,CHN_CT01_V06_DJI_0282,Tipo IV - BusBar
391686.5861332076,7082620.064038279,522,CHN_CT01_V06_DJI_0284,Tipo IV - BusBar
391681.68902358506,7082624.458201805,523,CHN_CT01_V06_DJI_0284,Tipo IV - BusBar
391686.6959702482,7082604.128123919,524,CHN_CT01_V06_DJI_0286,Tipo IV - BusBar
391687.18598803895,7082605.948660137,525,CHN_CT01_V06_DJI_0286,Tipo IV - BusBar
391686.7021589399,7082619.012151087,526,CHN_CT01_V06_DJI_0286,Tipo IV - BusBar
391687.4904636444,7082605.919342374,527,CHN_CT01_V06_DJI_0288,Tipo IV - BusBar
391686.999913004,7082604.135382825,528,CHN_CT01_V06_DJI_0288,Tipo IV - BusBar
391687.70621124806,7082604.993039673,529,CHN_CT01_V06_DJI_0290,Tipo IV - BusBar
391687.19804452936,7082603.2419752935,530,CHN_CT01_V06_DJI_0290,Tipo IV - BusBar
391698.90650504327,7082603.38047489,531,CHN_CT01_V06_DJI_0304,Tipo IV - BusBar
391698.09024433425,7082603.428969711,532,CHN_CT01_V06_DJI_0304,Tipo IV - BusBar
391698.61399447697,7082607.108083864,533,CHN_CT01_V06_DJI_0304,Tipo IV - BusBar
391697.97145502164,7082603.46018656,534,CHN_CT01_V06_DJI_0306,Tipo IV - BusBar
391698.82010497345,7082603.505536033,535,CHN_CT01_V06_DJI_0306,Tipo IV - BusBar
391698.5481589295,7082607.2566668,536,CHN_CT01_V06_DJI_0306,Tipo IV - BusBar
391693.96934689936,7082630.115614843,537,CHN_CT01_V06_DJI_0310,Tipo VI - CelulaCaliente
391693.5631378982,7082630.011736115,538,CHN_CT01_V06_DJI_0310,Tipo VI - CelulaCaliente
391693.97280106804,7082630.072426608,539,CHN_CT01_V06_DJI_0312,Tipo VI - CelulaCaliente
391693.5007151944,7082629.910063921,540,CHN_CT01_V06_DJI_0312,Tipo VI - CelulaCaliente
391693.8099782918,7082630.9058178775,541,CHN_CT01_V06_DJI_0314,Tipo VI - CelulaCaliente
391693.3827892908,7082630.693000194,542,CHN_CT01_V06_DJI_0314,Tipo VI - CelulaCaliente
391693.73462709936,7082643.783790112,543,CHN_CT01_V06_DJI_0316,Tipo VI - CelulaCaliente
391693.52271698986,7082644.702652216,544,CHN_CT01_V06_DJI_0318,Tipo VI - CelulaCaliente
391699.96046822565,7082653.657614794,545,CHN_CT01_V06_DJI_0318,Tipo V - ModuloCortoCircuito
391699.8119648248,7082655.098597262,546,CHN_CT01_V06_DJI_0320,Tipo V - ModuloCortoCircuito
391699.59852042585,7082654.64581522,547,CHN_CT01_V06_DJI_0322,Tipo V - ModuloCortoCircuito
391698.4703472463,7082721.783191731,548,CHN_CT01_V06_DJI_0340,Tipo IV - BusBar
391698.25847776677,7082722.773056207,549,CHN_CT01_V06_DJI_0342,Tipo IV - BusBar
391695.038150884,7082770.195216257,550,CHN_CT01_V06_DJI_0354,Tipo VI - CelulaCaliente
391694.702893976,7082770.361016013,551,CHN_CT01_V06_DJI_0356,Tipo VI - CelulaCaliente
391693.86167100776,7082782.861103464,552,CHN_CT01_V06_DJI_0358,Tipo IV - BusBar
391693.638623286,7082783.203114931,553,CHN_CT01_V06_DJI_0360,Tipo IV - BusBar
391693.4967294587,7082783.812250266,554,CHN_CT01_V06_DJI_0362,Tipo IV - BusBar
391698.1217631632,7082803.575196221,555,CHN_CT01_V06_DJI_0364,Tipo VI - CelulaCaliente
391698.26970231195,7082803.5390627775,556,CHN_CT01_V06_DJI_0366,Tipo VI - CelulaCaliente
391697.990995197,7082805.035478525,557,CHN_CT01_V06_DJI_0368,Tipo VI - CelulaCaliente
391694.2456464341,7082822.533806636,558,CHN_CT01_V06_DJI_0370,Tipo IV - BusBar
391693.92968347453,7082822.9261841215,559,CHN_CT01_V06_DJI_0372,Tipo IV - BusBar
391694.00340893975,7082822.355216926,560,CHN_CT01_V06_DJI_0374,Tipo IV - BusBar
391699.5840340515,7082858.102904644,561,CHN_CT01_V06_DJI_0382,Tipo VI - CelulaCaliente
391699.65944179625,7082858.170158311,562,CHN_CT01_V06_DJI_0384,Tipo VI - CelulaCaliente
391699.59590500314,7082856.462115371,563,CHN_CT01_V06_DJI_0386,Tipo VI - CelulaCaliente
391700.40138278186,7082856.562523999,564,CHN_CT01_V06_DJI_0388,Tipo VI - CelulaCaliente
391701.3275918969,7082856.936614087,565,CHN_CT01_V06_DJI_0390,Tipo VI - CelulaCaliente
391710.57911270024,7082849.959807124,566,CHN_CT01_V06_DJI_0398,Tipo VI - CelulaCaliente
391710.68721423,7082851.352430347,567,CHN_CT01_V06_DJI_0400,Tipo VI - CelulaCaliente
391703.87865687197,7082739.675725512,568,CHN_CT01_V06_DJI_0432,Tipo IV - BusBar
391704.0989083375,7082740.7840925455,569,CHN_CT01_V06_DJI_0434,Tipo IV - BusBar
391709.62666310853,7082725.411172541,570,CHN_CT01_V06_DJI_0436,Tipo IV - BusBar
391709.921346215,7082725.04007986,571,CHN_CT01_V06_DJI_0438,Tipo IV - BusBar
391704.8668408757,7082712.526416358,572,CHN_CT01_V06_DJI_0440,Tipo IV - BusBar
391710.16493412736,7082724.468826353,573,CHN_CT01_V06_DJI_0440,Tipo IV - BusBar
391704.95736354316,7082711.465668762,574,CHN_CT01_V06_DJI_0442,Tipo IV - BusBar
391705.2304966878,7082711.637155654,575,CHN_CT01_V06_DJI_0444,Tipo IV - BusBar
391716.3240652639,7082614.060543004,576,CHN_CT01_V06_DJI_0494,Tipo IV - BusBar
391716.10429942235,7082614.570680696,577,CHN_CT01_V06_DJI_0496,Tipo IV - BusBar
391715.8338565502,7082614.695994815,578,CHN_CT01_V06_DJI_0498,Tipo IV - BusBar
391723.36521704355,7082639.184495075,579,CHN_CT01_V06_DJI_0502,Tipo IV - BusBar
391723.1746642117,7082639.838530654,580,CHN_CT01_V06_DJI_0504,Tipo IV - BusBar
391722.21359037876,7082655.060637674,581,CHN_CT01_V06_DJI_0506,Tipo VI - CelulaCaliente
391722.1185989619,7082654.873876873,582,CHN_CT01_V06_DJI_0508,Tipo VI - CelulaCaliente
391722.1159527252,7082655.021682653,583,CHN_CT01_V06_DJI_0510,Tipo VI - CelulaCaliente
391717.92890684603,7082763.20447815,584,CHN_CT01_V06_DJI_0540,Tipo IV - BusBar
391717.60309927445,7082762.65819224,585,CHN_CT01_V06_DJI_0542,Tipo IV - BusBar
391720.79933251406,7082821.589402121,586,CHN_CT01_V06_DJI_0558,Tipo IV - BusBar
391720.71239714406,7082820.84640258,587,CHN_CT01_V06_DJI_0560,Tipo IV - BusBar
391715.5750249818,7082827.459056402,588,CHN_CT01_V06_DJI_0560,Tipo IV - BusBar
391715.2807508863,7082827.37874594,589,CHN_CT01_V06_DJI_0562,Tipo IV - BusBar
391716.08015333785,7082837.316793179,590,CHN_CT01_V06_DJI_0562,Tipo IV - BusBar
391715.7632711115,7082837.5402275985,591,CHN_CT01_V06_DJI_0564,Tipo IV - BusBar
391715.349539478,7082837.018354773,592,CHN_CT01_V06_DJI_0566,Tipo IV - BusBar
391720.5709886194,7082857.719997618,593,CHN_CT01_V06_DJI_0570,Tipo VI - CelulaCaliente
391720.5358044618,7082858.757776763,594,CHN_CT01_V06_DJI_0572,Tipo VI - CelulaCaliente
391720.3873886542,7082857.289611308,595,CHN_CT01_V06_DJI_0574,Tipo VI - CelulaCaliente
391721.1248369659,7082861.4402070455,596,CHN_CT01_V06_DJI_0576,Tipo VI - CelulaCaliente
391726.7147951267,7082845.49979832,597,CHN_CT01_V06_DJI_0586,Tipo IV - BusBar
391727.14222858066,7082845.967209312,598,CHN_CT01_V06_DJI_0588,Tipo IV - BusBar
391728.50198159,7082777.335804597,599,CHN_CT01_V07_DJI_0612,Tipo IV - BusBar
391727.81455068727,7082773.562913606,600,CHN_CT01_V07_DJI_0612,Tipo IV - BusBar
391728.2247846393,7082774.292286056,601,CHN_CT01_V07_DJI_0614,Tipo IV - BusBar
391728.85245660786,7082778.059487295,602,CHN_CT01_V07_DJI_0614,Tipo IV - BusBar
391728.45506526355,7082773.3755702935,603,CHN_CT01_V07_DJI_0616,Tipo IV - BusBar
391732.95364803844,7082755.554889774,604,CHN_CT01_V07_DJI_0618,Tipo VI - CelulaCaliente
391732.0488852609,7082748.211313233,605,CHN_CT01_V07_DJI_0620,Tipo VI - CelulaCaliente
391733.14658054226,7082756.096373412,606,CHN_CT01_V07_DJI_0620,Tipo VI - CelulaCaliente
391732.36538327695,7082751.181484627,607,CHN_CT01_V07_DJI_0620,Tipo IV - BusBar
391732.6060936652,7082750.669291347,608,CHN_CT01_V07_DJI_0622,Tipo IV - BusBar
391732.1941991039,7082747.619996743,609,CHN_CT01_V07_DJI_0622,Tipo VI - CelulaCaliente
391733.3581573665,7082755.432691506,610,CHN_CT01_V07_DJI_0622,Tipo VI - CelulaCaliente
391732.4860524885,7082748.125180205,611,CHN_CT01_V07_DJI_0624,Tipo VI - CelulaCaliente
391738.0179716304,7082722.193923609,612,CHN_CT01_V07_DJI_0628,Tipo IV - BusBar
391738.22812191304,7082722.579560051,613,CHN_CT01_V07_DJI_0630,Tipo IV - BusBar
391732.6704430541,7082607.844298501,614,CHN_CT01_V07_DJI_0664,Tipo IV - BusBar
391732.4982979783,7082604.448475257,615,CHN_CT01_V07_DJI_0666,Tipo IV - BusBar
391732.5448592057,7082604.554668299,616,CHN_CT01_V07_DJI_0668,Tipo IV - BusBar
391732.96622434136,7082588.075491602,617,CHN_CT01_V07_DJI_0670,Tipo IV - BusBar
391733.158845289,7082587.958346065,618,CHN_CT01_V07_DJI_0672,Tipo IV - BusBar
391735.1796099917,7082587.9332662225,619,CHN_CT01_V07_DJI_0674,Tipo IV - BusBar
391745.89140190434,7082587.668441331,620,CHN_CT01_V07_DJI_0676,Tipo V - ModuloCortoCircuito
391746.7357216197,7082585.862859804,621,CHN_CT01_V07_DJI_0676,Tipo V - ModuloCortoCircuito
391745.88468632754,7082600.398209527,622,CHN_CT01_V07_DJI_0676,Tipo V - ModuloCortoCircuito
391745.90335556085,7082591.560875842,623,CHN_CT01_V07_DJI_0676,Tipo V - ModuloCortoCircuito
391744.2576085004,7082591.865519886,624,CHN_CT01_V07_DJI_0678,Tipo V - ModuloCortoCircuito
391745.1855020948,7082586.228414017,625,CHN_CT01_V07_DJI_0678,Tipo V - ModuloCortoCircuito
391744.18871328654,7082600.582289878,626,CHN_CT01_V07_DJI_0678,Tipo V - ModuloCortoCircuito
391744.2850883371,7082588.012506797,627,CHN_CT01_V07_DJI_0678,Tipo V - ModuloCortoCircuito
391745.03263910156,7082586.746923648,628,CHN_CT01_V07_DJI_0680,Tipo V - ModuloCortoCircuito
391744.08693816967,7082601.0236428175,629,CHN_CT01_V07_DJI_0680,Tipo V - ModuloCortoCircuito
391744.1517453692,7082588.523207899,630,CHN_CT01_V07_DJI_0680,Tipo V - ModuloCortoCircuito
391744.18697765516,7082592.343134807,631,CHN_CT01_V07_DJI_0680,Tipo V - ModuloCortoCircuito
391744.1158394502,7082602.310011311,632,CHN_CT01_V07_DJI_0682,Tipo V - ModuloCortoCircuito
391744.0567004025,7082611.162637915,633,CHN_CT01_V07_DJI_0684,Tipo V - ModuloCortoCircuito
391744.0542914494,7082601.150155009,634,CHN_CT01_V07_DJI_0684,Tipo V - ModuloCortoCircuito
391744.031738707,7082611.430443602,635,CHN_CT01_V07_DJI_0686,Tipo V - ModuloCortoCircuito
391739.7859529059,7082625.606185902,636,CHN_CT01_V07_DJI_0688,Tipo IV - BusBar
391739.6932005732,7082626.249670665,637,CHN_CT01_V07_DJI_0690,Tipo IV - BusBar
391739.6304050058,7082626.212930109,638,CHN_CT01_V07_DJI_0692,Tipo IV - BusBar
391744.5748041376,7082670.491755325,639,CHN_CT01_V07_DJI_0702,Tipo IV - BusBar
391744.53946776094,7082669.19348311,640,CHN_CT01_V07_DJI_0704,Tipo IV - BusBar
391739.6366654823,7082683.208753331,641,CHN_CT01_V07_DJI_0706,Tipo IV - BusBar
391739.5619642449,7082685.216490739,642,CHN_CT01_V07_DJI_0708,Tipo IV - BusBar
391739.5539455969,7082684.783394558,643,CHN_CT01_V07_DJI_0710,Tipo IV - BusBar
391739.21867645875,7082708.992355647,644,CHN_CT01_V07_DJI_0714,Tipo VI - CelulaCaliente
391739.40532394993,7082709.303482281,645,CHN_CT01_V07_DJI_0716,Tipo VI - CelulaCaliente
391738.5313028586,7082722.401315071,646,CHN_CT01_V07_DJI_0718,Tipo IV - BusBar
391750.2518876471,7082724.360837883,647,CHN_CT01_V07_DJI_0718,Tipo VI - CelulaCaliente
391750.19550039363,7082723.990502566,648,CHN_CT01_V07_DJI_0720,Tipo VI - CelulaCaliente
391738.54042381665,7082722.312385513,649,CHN_CT01_V07_DJI_0720,Tipo IV - BusBar
391750.2045377396,7082724.3005679585,650,CHN_CT01_V07_DJI_0722,Tipo VI - CelulaCaliente
391744.02233608766,7082750.468233512,651,CHN_CT01_V07_DJI_0726,Tipo VI - CelulaCaliente
391744.0470693308,7082751.9409300815,652,CHN_CT01_V07_DJI_0728,Tipo VI - CelulaCaliente
391744.01705638436,7082751.427308138,653,CHN_CT01_V07_DJI_0730,Tipo VI - CelulaCaliente
391740.35422125086,7082801.217383495,654,CHN_CT01_V07_DJI_0746,Tipo VI - CelulaCaliente
391740.4310743939,7082809.002523437,655,CHN_CT01_V07_DJI_0746,Tipo VI - CelulaCaliente
391740.5024892304,7082809.3045007065,656,CHN_CT01_V07_DJI_0748,Tipo VI - CelulaCaliente
391738.3380841301,7082861.0663766805,657,CHN_CT01_V07_DJI_0762,Tipo VI - CelulaCaliente
391738.3757942883,7082861.15933237,658,CHN_CT01_V07_DJI_0764,Tipo VI - CelulaCaliente
391739.08110377897,7082861.056729294,659,CHN_CT01_V07_DJI_0766,Tipo VI - CelulaCaliente
391762.0431735767,7082854.028357288,660,CHN_CT01_V07_DJI_0776,Tipo IV - BusBar
391761.8655823987,7082852.722628532,661,CHN_CT01_V07_DJI_0778,Tipo IV - BusBar
391757.9788320203,7082776.274075974,662,CHN_CT01_V07_DJI_0798,Tipo IV - BusBar
391758.07642594504,7082776.363068217,663,CHN_CT01_V07_DJI_0800,Tipo IV - BusBar
391758.1575133797,7082776.938586788,664,CHN_CT01_V07_DJI_0802,Tipo IV - BusBar
391755.4468923069,7082754.263612907,665,CHN_CT01_V07_DJI_0806,Tipo IV - BusBar
391752.29196304665,7082745.547903232,666,CHN_CT01_V07_DJI_0808,Tipo IV - BusBar
391755.5199756583,7082742.868539935,667,CHN_CT01_V07_DJI_0808,Tipo IV - BusBar
391755.4566402029,7082753.263586468,668,CHN_CT01_V07_DJI_0808,Tipo IV - BusBar
391752.2209002616,7082745.347005652,669,CHN_CT01_V07_DJI_0810,Tipo IV - BusBar
391755.4767121541,7082743.001022855,670,CHN_CT01_V07_DJI_0810,Tipo IV - BusBar
391755.525729035,7082742.933694905,671,CHN_CT01_V07_DJI_0812,Tipo IV - BusBar
391752.2347531901,7082744.905145392,672,CHN_CT01_V07_DJI_0812,Tipo IV - BusBar
391750.5483731922,7082722.661957059,673,CHN_CT01_V07_DJI_0816,Tipo VI - CelulaCaliente
391750.50394106435,7082721.743294184,674,CHN_CT01_V07_DJI_0818,Tipo VI - CelulaCaliente
391757.9168025502,7082668.583075015,675,CHN_CT01_V07_DJI_0832,Tipo IV - BusBar
391757.8312037186,7082668.397489891,676,CHN_CT01_V07_DJI_0834,Tipo IV - BusBar
391756.4860129786,7082660.549386123,677,CHN_CT01_V07_DJI_0834,Tipo IV - BusBar
391756.1737386226,7082660.8811963545,678,CHN_CT01_V07_DJI_0836,Tipo IV - BusBar
391756.01541331585,7082661.117362496,679,CHN_CT01_V07_DJI_0838,Tipo IV - BusBar
391755.5468374708,7082630.367427537,680,CHN_CT01_V07_DJI_0844,Tipo VI - CelulaCaliente
391755.5026494847,7082630.982871147,681,CHN_CT01_V07_DJI_0846,Tipo VI - CelulaCaliente
391763.72289284796,7082670.173562326,682,CHN_CT01_V07_DJI_0888,Tipo IV - BusBar
391763.95332609466,7082670.256707747,683,CHN_CT01_V07_DJI_0890,Tipo IV - BusBar
391762.84076023195,7082693.420148914,684,CHN_CT01_V07_DJI_0896,Tipo IV - BusBar
391763.0879099367,7082694.5746735735,685,CHN_CT01_V07_DJI_0898,Tipo IV - BusBar
391769.4623152184,7082764.633856547,686,CHN_CT01_V07_DJI_0918,Tipo VI - CelulaCaliente
391769.5966960163,7082764.974368727,687,CHN_CT01_V07_DJI_0920,Tipo VI - CelulaCaliente
391769.15080708,7082834.816162291,688,CHN_CT01_V07_DJI_0940,Tipo IV - BusBar
391769.02692539437,7082836.202198431,689,CHN_CT01_V07_DJI_0942,Tipo IV - BusBar
391783.8860797711,7082863.72827678,690,CHN_CT01_V07_DJI_0956,Tipo IV - BusBar
391783.18344269367,7082863.772798815,691,CHN_CT01_V07_DJI_0958,Tipo IV - BusBar
391783.14122607786,7082861.877522595,692,CHN_CT01_V07_DJI_0960,Tipo IV - BusBar
391788.35556258564,7082802.546710682,693,CHN_CT01_V07_DJI_0980,Tipo VI - CelulaCaliente
391782.12007588876,7082782.440473627,694,CHN_CT01_V07_DJI_0986,Tipo VI - CelulaCaliente
391783.8401388887,7082778.966775432,695,CHN_CT01_V07_DJI_0988,Tipo VI - CelulaCaliente
391781.9203845641,7082783.269163496,696,CHN_CT01_V07_DJI_0988,Tipo VI - CelulaCaliente
391782.88860378356,7082774.925397872,697,CHN_CT01_V07_DJI_0990,Tipo VI - CelulaCaliente
391783.9655473934,7082778.319294139,698,CHN_CT01_V07_DJI_0990,Tipo VI - CelulaCaliente
391782.014743168,7082782.685452964,699,CHN_CT01_V07_DJI_0990,Tipo VI - CelulaCaliente
391783.86887126043,7082771.773586703,700,CHN_CT01_V07_DJI_0990,Tipo V - ModuloCortoCircuito
391782.8167873657,7082769.047436578,701,CHN_CT01_V07_DJI_0990,Tipo VI - CelulaCaliente
391787.95822969335,7082771.5733120525,702,CHN_CT01_V07_DJI_0990,Tipo IV - BusBar
391782.92421434546,7082773.739174273,703,CHN_CT01_V07_DJI_0990,Tipo V - ModuloCortoCircuito
391784.0136499326,7082772.167696882,704,CHN_CT01_V07_DJI_0992,Tipo V - ModuloCortoCircuito
391783.0416860686,7082774.206550194,705,CHN_CT01_V07_DJI_0992,Tipo V - ModuloCortoCircuito
391783.0012649683,7082769.53834898,706,CHN_CT01_V07_DJI_0992,Tipo VI - CelulaCaliente
391784.2659235494,7082765.6184727475,707,CHN_CT01_V07_DJI_0992,Tipo IV - BusBar
391788.0848306225,7082772.2176429825,708,CHN_CT01_V07_DJI_0992,Tipo IV - BusBar
391782.98964821966,7082775.386820709,709,CHN_CT01_V07_DJI_0992,Tipo VI - CelulaCaliente
391783.8011908636,7082765.65737996,710,CHN_CT01_V07_DJI_0992,Tipo V - ModuloCortoCircuito
391782.7437786887,7082760.702541938,711,CHN_CT01_V07_DJI_0992,Tipo VI - CelulaCaliente
391784.38400762,7082766.187894555,712,CHN_CT01_V07_DJI_0994,Tipo IV - BusBar
391783.098827334,7082770.137223699,713,CHN_CT01_V07_DJI_0994,Tipo VI - CelulaCaliente
391782.9337564946,7082759.355102362,714,CHN_CT01_V07_DJI_0994,Tipo VI - CelulaCaliente
391782.94050699094,7082761.271829605,715,CHN_CT01_V07_DJI_0994,Tipo VI - CelulaCaliente
391783.98444470775,7082766.226112202,716,CHN_CT01_V07_DJI_0994,Tipo V - ModuloCortoCircuito
391784.22676765133,7082760.139364153,717,CHN_CT01_V07_DJI_0994,Tipo V - ModuloCortoCircuito
